xx|aa
howtofinddancefile|https://www.youtube.com/watch?v=y_DTRlz29E4
howtosettingstage|https://www.youtube.com/playlist?list=PLfSJEqibxaRqnbYi7RLMUhvHXHaaByscd
howtoplay|https://www.youtube.com/channel/UC19FfcnPaSwL0Vi4dGCjxlg
howtochosecharacter|https://www.youtube.com/watch?v=tz8N1xR0vBk
howtochosepmxstage|https://www.youtube.com/watch?v=EaSr1jIRUB4
howtoloadpmx|https://www.youtube.com/watch?v=EaSr1jIRUB4
vroidPrice|5
adsSort|214
CharacterFileSystem|1
onlineVersionTest|2.4.1
onlineVersionTestANDROID|2.4.3
onlineVersionIOS|2.4.3
